area_type,geo_cluster,Business_Sector_cluster,income_cluster,volume
Commercial,Rural,Blue,High Income,2157170.3758634077
Commercial,Rural,Blue,Low Income,2194748.742791718
Commercial,Rural,Gray,High Income,2205229.99614631
Commercial,Rural,Gray,Low Income,2624532.998608518
Commercial,Rural,Retail Sector,High Income,1160034.809043899
Commercial,Rural,Retail Sector,Low Income,888903.2330985031
Commercial,Rural,White,High Income,1254005.7836705924
Commercial,Rural,White,Low Income,1248354.1718578958
Commercial,Suburb,Blue,High Income,506906.97312329814
Commercial,Suburb,Blue,Low Income,563901.8109745992
Commercial,Suburb,Gray,High Income,650215.56284729
Commercial,Suburb,Gray,Low Income,643015.1928482003
Commercial,Suburb,Retail Sector,High Income,214835.4730321004
Commercial,Suburb,Retail Sector,Low Income,153301.25118920032
Commercial,Suburb,White,High Income,922854.177913603
Commercial,Suburb,White,Low Income,472433.18535120157
Commercial,Urban,Blue,High Income,162368.0179933007
Commercial,Urban,Blue,Low Income,135619.61963429998
Commercial,Urban,Gray,High Income,120699.30967250031
Commercial,Urban,Gray,Low Income,172700.6292948004
Commercial,Urban,Retail Sector,High Income,64791.26613959994
Commercial,Urban,Retail Sector,Low Income,32318.382742099962
Commercial,Urban,White,High Income,206763.81458030094
Commercial,Urban,White,Low Income,178853.88787379934
Mixed,Rural,Blue,High Income,899082.9113878018
Mixed,Rural,Blue,Low Income,842850.696476484
Mixed,Rural,Gray,High Income,909616.7744100087
Mixed,Rural,Gray,Low Income,949112.031330004
Mixed,Rural,Retail Sector,High Income,571764.6732428031
Mixed,Rural,Retail Sector,Low Income,303772.3670049017
Mixed,Rural,White,High Income,352104.0093654003
Mixed,Rural,White,Low Income,318589.90348539856
Mixed,Suburb,Blue,High Income,257887.73943350028
Mixed,Suburb,Blue,Low Income,232243.87865239996
Mixed,Suburb,Gray,High Income,241408.0595775995
Mixed,Suburb,Gray,Low Income,264406.0461540004
Mixed,Suburb,Retail Sector,High Income,113084.84750680013
Mixed,Suburb,Retail Sector,Low Income,57220.5380665999
Mixed,Suburb,White,High Income,125541.33423300061
Mixed,Suburb,White,Low Income,119510.9201858002
Mixed,Urban,Blue,High Income,71971.94285309978
Mixed,Urban,Blue,Low Income,53456.58911520003
Mixed,Urban,Gray,High Income,49857.468878499974
Mixed,Urban,Gray,Low Income,41466.49096519994
Mixed,Urban,Retail Sector,High Income,26055.074781300016
Mixed,Urban,Retail Sector,Low Income,23075.786210099963
Mixed,Urban,White,High Income,24863.297469299996
Mixed,Urban,White,Low Income,33013.528719800015
residential,Rural,Blue,High Income,355885.82729779993
residential,Rural,Blue,Low Income,248550.80102319893
residential,Rural,Gray,High Income,265580.01277519966
residential,Rural,Gray,Low Income,310808.9981551009
residential,Rural,Retail Sector,High Income,68470.12831930009
residential,Rural,Retail Sector,Low Income,40272.47160860005
residential,Rural,White,High Income,84088.59001520005
residential,Rural,White,Low Income,92672.77093209997
residential,Suburb,Blue,High Income,62729.15121190009
residential,Suburb,Blue,Low Income,35414.73248730002
residential,Suburb,Gray,High Income,61548.45538580002
residential,Suburb,Gray,Low Income,77016.6991358
residential,Suburb,Retail Sector,High Income,22815.013199100013
residential,Suburb,Retail Sector,Low Income,18008.461338100005
residential,Suburb,White,High Income,14238.300626300012
residential,Suburb,White,Low Income,22741.148062000022
residential,Urban,Blue,High Income,13643.938640499982
residential,Urban,Blue,Low Income,5927.665610200003
residential,Urban,Gray,High Income,11106.839433699999
residential,Urban,Gray,Low Income,18288.791051500004
residential,Urban,Retail Sector,High Income,4402.208423900003
residential,Urban,Retail Sector,Low Income,2015.7416053000004
residential,Urban,White,High Income,2931.4801395000004
residential,Urban,White,Low Income,4819.553898300001
