L4v5_segment,L5v5_segment,L5v5_cuisines,vip_channel_mapped,L3v5_segment,volume
HIGH,CRAFT    ,american,Drink Led    ,PREMIUM,28991.5542458
HIGH,CRAFT    ,american,Drink Led    ,SUPER PREMIUM,42666.53812069996
HIGH,CRAFT    ,american,Entertainment,SUPER PREMIUM,236.0253732
HIGH,CRAFT    ,american,Food Led     ,PREMIUM,64245.28359399991
HIGH,CRAFT    ,american,Food Led     ,SUPER PREMIUM,42286.697515499975
HIGH,CRAFT    ,"american, asian",Food Led     ,PREMIUM,84.8741928
HIGH,CRAFT    ,"american, asian",Food Led     ,SUPER PREMIUM,1326.6416208000003
HIGH,CRAFT    ,"american, italian",Drink Led    ,PREMIUM,3497.4144920999997
HIGH,CRAFT    ,"american, italian",Drink Led    ,SUPER PREMIUM,655.6048596
HIGH,CRAFT    ,"american, italian",Food Led     ,PREMIUM,3062.8948290999992
HIGH,CRAFT    ,"american, italian",Food Led     ,SUPER PREMIUM,820.1065441000001
HIGH,CRAFT    ,"american, mexican",Drink Led    ,PREMIUM,3151.8759062
HIGH,CRAFT    ,"american, mexican",Drink Led    ,SUPER PREMIUM,26.6776836
HIGH,CRAFT    ,"american, mexican",Food Led     ,PREMIUM,309.36793839999996
HIGH,CRAFT    ,"american, mexican",Food Led     ,SUPER PREMIUM,245.00966840000004
HIGH,CRAFT    ,asian,Food Led     ,SUPER PREMIUM,716.3513583999998
HIGH,CRAFT    ,italian,Drink Led    ,PREMIUM,1683.2535960999999
HIGH,CRAFT    ,italian,Food Led     ,PREMIUM,5558.845166499994
HIGH,CRAFT    ,italian,Food Led     ,SUPER PREMIUM,2142.7159229
HIGH,CRAFT    ,mexican,Drink Led    ,PREMIUM,155.1021563
HIGH,CRAFT    ,mexican,Food Led     ,PREMIUM,2.4541933
HIGH,CRAFT    ,mexican,Food Led     ,SUPER PREMIUM,20.151612599999996
HIGH,NOT CRAFT,american,Drink Led    ,CORE,6233.1258839
HIGH,NOT CRAFT,american,Drink Led    ,PREMIUM,4969.8670391
HIGH,NOT CRAFT,american,Drink Led    ,SUPER PREMIUM,56.7853068
HIGH,NOT CRAFT,american,Food Led     ,CORE,2760.104991699997
HIGH,NOT CRAFT,american,Food Led     ,PREMIUM,4394.290041900001
HIGH,NOT CRAFT,american,Food Led     ,SUPER PREMIUM,1626.0896743
HIGH,NOT CRAFT,"american, asian",Food Led     ,PREMIUM,1.1612904
HIGH,NOT CRAFT,"american, italian",Drink Led    ,CORE,468.9054363
HIGH,NOT CRAFT,"american, italian",Drink Led    ,PREMIUM,1173.2232419
HIGH,NOT CRAFT,"american, italian",Food Led     ,CORE,1114.7481128999998
HIGH,NOT CRAFT,"american, italian",Food Led     ,PREMIUM,749.6651870000001
HIGH,NOT CRAFT,"american, italian",Food Led     ,SUPER PREMIUM,652.6928236
HIGH,NOT CRAFT,"american, mexican",Drink Led    ,CORE,2440.919348600001
HIGH,NOT CRAFT,"american, mexican",Drink Led    ,PREMIUM,515.9798324
HIGH,NOT CRAFT,"american, mexican",Drink Led    ,SUPER PREMIUM,811.4455312
HIGH,NOT CRAFT,"american, mexican",Food Led     ,CORE,42.7338664
HIGH,NOT CRAFT,"american, mexican",Food Led     ,PREMIUM,803.0324703000001
HIGH,NOT CRAFT,"american, mexican",Food Led     ,SUPER PREMIUM,59.4022795
HIGH,NOT CRAFT,asian,Drink Led    ,CORE,398.948388
HIGH,NOT CRAFT,asian,Food Led     ,CORE,35.714930400000014
HIGH,NOT CRAFT,asian,Food Led     ,PREMIUM,656.6271155999999
HIGH,NOT CRAFT,asian,Food Led     ,SUPER PREMIUM,1087.1998211999999
HIGH,NOT CRAFT,"asian, italian",Food Led     ,CORE,21.015118
HIGH,NOT CRAFT,"asian, mexican",Drink Led    ,SUPER PREMIUM,475.7533304
HIGH,NOT CRAFT,italian,Drink Led    ,CORE,194.9886972
HIGH,NOT CRAFT,italian,Drink Led    ,PREMIUM,602.7290236
HIGH,NOT CRAFT,italian,Drink Led    ,SUPER PREMIUM,155.2457924
HIGH,NOT CRAFT,italian,Food Led     ,CORE,2449.552513000001
HIGH,NOT CRAFT,italian,Food Led     ,PREMIUM,3422.3485373999993
HIGH,NOT CRAFT,italian,Food Led     ,SUPER PREMIUM,218.90322120000002
HIGH,NOT CRAFT,"italian, mexican",Food Led     ,CORE,14.1483856
HIGH,NOT CRAFT,"italian, mexican",Food Led     ,PREMIUM,42.1190928
HIGH,NOT CRAFT,mexican,Drink Led    ,CORE,393.0112536000001
HIGH,NOT CRAFT,mexican,Drink Led    ,PREMIUM,1317.476058
HIGH,NOT CRAFT,mexican,Drink Led    ,SUPER PREMIUM,3.1935484
HIGH,NOT CRAFT,mexican,Food Led     ,CORE,3571.175087499998
HIGH,NOT CRAFT,mexican,Food Led     ,PREMIUM,9457.532040999999
HIGH,NOT CRAFT,mexican,Food Led     ,SUPER PREMIUM,1604.3584090999996
LOW ,CRAFT    ,american,Drink Led    ,PREMIUM,39153.19172190005
LOW ,CRAFT    ,american,Drink Led    ,SUPER PREMIUM,48077.587671499976
LOW ,CRAFT    ,american,Entertainment,SUPER PREMIUM,13.5048383
LOW ,CRAFT    ,american,Food Led     ,PREMIUM,71509.86467470003
LOW ,CRAFT    ,american,Food Led     ,SUPER PREMIUM,77816.14616800014
LOW ,CRAFT    ,"american, asian",Drink Led    ,PREMIUM,121.0451588
LOW ,CRAFT    ,"american, asian",Food Led     ,PREMIUM,143.0709724
LOW ,CRAFT    ,"american, asian",Food Led     ,SUPER PREMIUM,215.1333385
LOW ,CRAFT    ,"american, italian",Drink Led    ,PREMIUM,3140.5289842000016
LOW ,CRAFT    ,"american, italian",Drink Led    ,SUPER PREMIUM,2065.7442388000018
LOW ,CRAFT    ,"american, italian",Food Led     ,PREMIUM,4859.780618900001
LOW ,CRAFT    ,"american, italian",Food Led     ,SUPER PREMIUM,4970.123733000001
LOW ,CRAFT    ,"american, mexican",Drink Led    ,PREMIUM,2466.1297465
LOW ,CRAFT    ,"american, mexican",Drink Led    ,SUPER PREMIUM,1713.1725343000005
LOW ,CRAFT    ,"american, mexican",Food Led     ,PREMIUM,2682.2398780999993
LOW ,CRAFT    ,"american, mexican",Food Led     ,SUPER PREMIUM,749.3655930000002
LOW ,CRAFT    ,asian,Drink Led    ,SUPER PREMIUM,75.7741892
LOW ,CRAFT    ,asian,Food Led     ,PREMIUM,235.49346309999993
LOW ,CRAFT    ,asian,Food Led     ,SUPER PREMIUM,590.4866171000001
LOW ,CRAFT    ,italian,Drink Led    ,PREMIUM,858.9063598000001
LOW ,CRAFT    ,italian,Drink Led    ,SUPER PREMIUM,193.37618319999999
LOW ,CRAFT    ,italian,Food Led     ,PREMIUM,8502.050844600004
LOW ,CRAFT    ,italian,Food Led     ,SUPER PREMIUM,3512.0116761000018
LOW ,CRAFT    ,"italian, mexican",Food Led     ,SUPER PREMIUM,6.0
LOW ,CRAFT    ,mexican,Drink Led    ,PREMIUM,290.7810772
LOW ,CRAFT    ,mexican,Drink Led    ,SUPER PREMIUM,188.4269068
LOW ,CRAFT    ,mexican,Food Led     ,PREMIUM,849.0933618000003
LOW ,CRAFT    ,mexican,Food Led     ,SUPER PREMIUM,922.9900141999998
LOW ,NOT CRAFT,american,Drink Led    ,CORE,20311.98198239996
LOW ,NOT CRAFT,american,Drink Led    ,PREMIUM,10480.826635999998
LOW ,NOT CRAFT,american,Drink Led    ,SUPER PREMIUM,1329.0780704999997
LOW ,NOT CRAFT,american,Food Led     ,CORE,14707.929673300005
LOW ,NOT CRAFT,american,Food Led     ,PREMIUM,12784.800582699974
LOW ,NOT CRAFT,american,Food Led     ,SUPER PREMIUM,7487.1841595999995
LOW ,NOT CRAFT,"american, asian",Food Led     ,CORE,47.4096788
LOW ,NOT CRAFT,"american, asian",Food Led     ,PREMIUM,464.12782760000005
LOW ,NOT CRAFT,"american, asian",Food Led     ,SUPER PREMIUM,112.48585480000003
LOW ,NOT CRAFT,"american, italian",Drink Led    ,CORE,2365.0380272999996
LOW ,NOT CRAFT,"american, italian",Drink Led    ,PREMIUM,2395.4894288
LOW ,NOT CRAFT,"american, italian",Drink Led    ,SUPER PREMIUM,52.8716444
LOW ,NOT CRAFT,"american, italian",Food Led     ,CORE,3371.3510776
LOW ,NOT CRAFT,"american, italian",Food Led     ,PREMIUM,3025.597885499997
LOW ,NOT CRAFT,"american, italian",Food Led     ,SUPER PREMIUM,531.5668234999999
LOW ,NOT CRAFT,"american, mexican",Drink Led    ,CORE,879.6397669999999
LOW ,NOT CRAFT,"american, mexican",Drink Led    ,PREMIUM,2406.6964727000004
LOW ,NOT CRAFT,"american, mexican",Drink Led    ,SUPER PREMIUM,989.0924952
LOW ,NOT CRAFT,"american, mexican",Food Led     ,CORE,342.7671061999998
LOW ,NOT CRAFT,"american, mexican",Food Led     ,PREMIUM,1530.5001919999997
LOW ,NOT CRAFT,"american, mexican",Food Led     ,SUPER PREMIUM,1448.1138787999998
LOW ,NOT CRAFT,asian,Drink Led    ,CORE,154.4709488
LOW ,NOT CRAFT,asian,Drink Led    ,PREMIUM,240.7620417999999
LOW ,NOT CRAFT,asian,Drink Led    ,SUPER PREMIUM,328.297104
LOW ,NOT CRAFT,asian,Food Led     ,CORE,1969.9465385000008
LOW ,NOT CRAFT,asian,Food Led     ,PREMIUM,4214.080572399997
LOW ,NOT CRAFT,asian,Food Led     ,SUPER PREMIUM,3369.9031302000008
LOW ,NOT CRAFT,"asian, italian",Food Led     ,PREMIUM,3.7379028
LOW ,NOT CRAFT,"asian, italian",Food Led     ,SUPER PREMIUM,184.6322568
LOW ,NOT CRAFT,"asian, mexican",Drink Led    ,PREMIUM,18.33348
LOW ,NOT CRAFT,"asian, mexican",Food Led     ,CORE,96.3870948
LOW ,NOT CRAFT,italian,Drink Led    ,CORE,1713.7809152000004
LOW ,NOT CRAFT,italian,Drink Led    ,PREMIUM,1922.5454297000015
LOW ,NOT CRAFT,italian,Drink Led    ,SUPER PREMIUM,649.5621946
LOW ,NOT CRAFT,italian,Food Led     ,CORE,9115.283333100002
LOW ,NOT CRAFT,italian,Food Led     ,PREMIUM,17835.119935800012
LOW ,NOT CRAFT,italian,Food Led     ,SUPER PREMIUM,1958.3092598000017
LOW ,NOT CRAFT,"italian, mexican",Drink Led    ,PREMIUM,82.7964624
LOW ,NOT CRAFT,"italian, mexican",Drink Led    ,SUPER PREMIUM,39.7806444
LOW ,NOT CRAFT,"italian, mexican",Food Led     ,CORE,305.80755360000006
LOW ,NOT CRAFT,"italian, mexican",Food Led     ,PREMIUM,156.94345479999998
LOW ,NOT CRAFT,"italian, mexican",Food Led     ,SUPER PREMIUM,344.11192850000003
LOW ,NOT CRAFT,mexican,Drink Led    ,CORE,2837.6556490000016
LOW ,NOT CRAFT,mexican,Drink Led    ,PREMIUM,3753.1153109999996
LOW ,NOT CRAFT,mexican,Drink Led    ,SUPER PREMIUM,743.4666771000001
LOW ,NOT CRAFT,mexican,Food Led     ,CORE,17445.282270399908
LOW ,NOT CRAFT,mexican,Food Led     ,PREMIUM,20813.428167599963
LOW ,NOT CRAFT,mexican,Food Led     ,SUPER PREMIUM,1133.0240520000002
